city,id
丽江,10186
大理,10487
昆明,10807
泸沽湖,10121
香格里拉,10482
西双版纳,10809
腾冲,10651
双廊,15950
束河,10018
雨崩,12141
玉龙雪山,15943
宁蒗彝族自治县,66252
迪庆,27224
梅里雪山,10806
普者黑,10810
景洪,18303
元阳,11660
罗平,10808
瑞丽,15812
德钦,12715
虎跳峡,10481
建水,15060
红河,11871
东川,10650
石林,10165
玉溪,11533
怒江,10523
保山,24185
楚雄,11494
和顺,16491
弥勒,17298
普洱,21358
曲靖,12643
澄江,24834
沙溪,15946
玉龙纳西族自治县,66251
喜洲,15949
昭通,11827
文山,23865
丙中洛,17824
芒市,30426
坝美,22136
德宏,19625
蒙自,63577
哈巴雪山,15954
丘北,63071
元谋,16394
临沧,17543
诺邓,17823
勐腊,18302
剑川,15948
会泽,18459
巍山,23457
鹤庆,63566
河口瑶族自治县,141503
白沙古镇,21790
昆明安宁,63579
禄劝,22786
墨江,14949
黑井古镇,20275
广南,63072
碧色寨,22517
宜良,63063
官渡古镇,31899
宾川,63567
个旧,63576
尼汝,15606
洱源,63565
挖色镇,132245
泸西,18119
沧源,140626
南涧,141495
勐海,63572
呈贡,84665
新平,141534
武定,17149
西盟,63569
澜沧,63570
贡山独龙族怒族自治县,66249
打洛,18308
开远,17296
元江,141536
云龙,63564
石鼓镇,33201
禄丰,63573
盈江,63059
思茅,141521
云南江城,141517
维西,141502
陆良,18756
通海,19676
石屏,63575
云南马龙,63066
龙陵,17593
祥云县,141496
晋宁,36359
弥渡,33267
孟连,63568
鸡街,143759
宣威,63795
寻甸,140759
金平,38972
嵩明,141509
梁河,63060
师宗,63068
富宁,141529
易门,141535
泸水,63061
宁洱,141520
华宁,64113
沾益,63067
水富,63065
峨山,141533
勐罕,18311
福贡,63062
屏边苗族自治县,141506
江川,63574
勐仑,18307
八宝,142386
禄充,143755
麻栗坡,141530
楚雄市,174647
富源,63069
固东镇,143714
片马,16868
姚安,140761
富民,141507
双江,141528
大理新华村,17759
绿春,141504
大关,141437
耿马,141512
草海镇,139776
漾濞,62922
永胜,63571
章朗,18310
云县,141515
景谷,141519
砚山,141532
马关,63070
盐津,63064
永平,141497
凤庆,141511
永仁县,132166
鲁甸,141438
南华县,141493
施甸,141485
景东,141518
巧家,141439
陇川,141498
华坪,141510
新街镇,84536
大姚,141491
镇康,63563
镇雄,141444
威信,141441
镇沅,141522
昌宁,141484
娜姑,143723
兰坪,141516
永善,141443
彝良,141442
绥江,141440
牟定,141492
绮罗村,143716
永德,141514
永芝,18050
水碓村,143712
西畴,141531
双柏,141494
哀牢山,26453
碧罗雪山,18167
飞来寺,27055
梁王山,24070
高黎贡山,16524
滇越铁路,18429
橄榄坝,18306
大理蝴蝶泉,17757
玉几岛,17980
苍山,17981
南诏风情岛,17758
鸡足山,10416
崇圣寺,18051
洱海,15947
阿佤山,16672
白马雪山,20244
独龙江,18149
纳帕海,15951
普达措,15953
松赞林寺,15952
千龟山,15944
九子海,33074
阿庐古洞,17914
抚仙湖,17959
轿子雪山,25576
九乡,17817
大山包,40453
螳螂川,23558
狮子山,29221
勐景来,18305
文海,16141
黑龙潭公园,15945
拉市海,15894
曼旦,18312
磨憨,39124
豆沙关,17962
成都,10035
九寨沟,10136
峨眉山,10143
稻城,10061
色达,10011
亚丁,10091
阿坝,11642
都江堰,10163
川西,11942
甘孜,10236
乐山,11273
四姑娘山,10134
若尔盖,10564
海螺沟,11327
西岭雪山,18084
康定,10510
牛背山,17315
西昌,11630
毕棚沟,10462
青城山,10323
雅安,12112
新都桥,14727
阆中,10838
绵阳,13663
贡嘎,10347
黄龙,10162
丹巴,10403
汶川,10691
大邑,16216
泸定,10816
宜宾,12555
广元,14669
理县,21667
理塘,10509
蜀南竹海,15982
攀枝花,12038
彭州,19312
双流,63021
自贡,14653
南充,18829
凉山,14754
泸州,13518
邛崃,19375
松潘,18415
眉山,15128
德阳,18974
江油,18679
黑水,64481
茂县,64474
黄龙溪,14767
米亚罗,21261
北川,12427
红原,14946
遂宁,14238
广安,21831
米易,63013
剑阁,15981
巴中,15274
郫县,26923
邛海,15984
崇州,34802
达州,21832
洛带古镇,14769
莫斯卡,29378
达瓦更扎,153088
川北,11610
安仁古镇,15979
内江,44453
汉源,46641
巴塘,11719
犍为,16463
马尔康,15983
平乐古镇,13816
温江,37839
荥经,66245
柳江古镇,20910
金川,36836
街子古镇,15975
唐克,10315
盐源县,174428
木里,17625
新都,84541
上里,10598
映秀,18329
新津,15980
宝兴,63461
平武,63044
洪雅,18173
广汉,24438
九龙,63005
小金,66243
石棉县,63014
南江,63057
金堂,63039
龙泉驿,84660
什邡,28991
水磨古镇,27663
德格,35423
格聂,10374
天全,63015
白玉,10638
雅江,62950
蒲江,60642
屏山,144528
绵竹,42884
道孚,10271
李庄古镇,29010
资阳,62078
隆昌,63048
会理,63007
炉霍,16165
新龙县,62949
冕宁,63006
华蓥,63056
乡城,21469
简阳,35409
青川,63049
石渠,35213
彭山,25843
叙永,63052
大渡河,16422
古蔺,63055
仁寿县,63017
安岳,63047
金口河,63018
昭化古镇,23413
壤塘,10235
沐川,63020
峨边,17731
罗江,24598
大竹,63058
合江,63054
大英,63051
盐边,66244
兴文,63042
万源,150368
射洪,33119
元通,25054
中江县,174536
武胜,16715
望鱼古镇,19183
青白江区,174509
雷波县,63011
渠县,25128
资中,66247
安县,140577
荣县,63046
彭镇,19973
乐至,144532
邻水,66248
青神,63016
罗泉古镇,30494
威远县,174554
通江,140583
虹口乡,141446
德昌县,174431
普格,63008
梓潼,63045
宣汉,140581
苍溪,140578
泸县,63053
夹江,63019
长宁,63041
川主寺镇,185132
三台县,174527
旺苍,63050
富顺,144533
南部县,174590
宁南,63009
筠连,144529
蓬安县,174605
丹棱县,174473
营山县,174611
高庙镇,26062
名山区,174470
怀远古镇,21382
瓦切,15985
得荣,16798
美姑,63010
仪陇县,174608
蓬溪县,174578
江安,144527
西充县,174593
仁和区,174455
芦山县,174467
盐亭县,174530
马尼干戈,145301
平昌县,174626
猎塔湖,146002
俄亚,16480
越西县,174434
岳池县,174614
会东县,174437
南溪区,174518
喜德,140579
开江县,174638
珙县,144530
甘洛县,174443
昭觉县,174440
井研县,174491
马边彝族自治县,174479
恩阳区,174629
沿滩区,174545
双沙,16717
金阳县,174449
高县,63040
布拖县,174446
大藏寺,20698
鼓城山,21479
螺髻山,20387
伍须海,33045
金刚寺,18230
木格措,15971
塔公,14453
毛垭大草原,23993
亚青寺,36300
巴郎山,10461
雀儿山,11411
新路海,35418
日乌切沟,31420
巴王海,18780
九架海,16697
党岭,10318
燕子沟,24540
天意谷,29937
猛董,21961
光雾山,15896
扬扬拉措,29725
雅家梗,18108
川主寺,30808
碧峰峡,18228
瓦屋山,10566
玉带湖,17015
成都东区音乐公园,31873
熊猫基地,15976
僰王山,20840
九襄,16907
夹金山,18868
神木垒,15986
东拉山,21490
武侯祠,15977
锦里,15973
邛崃天台山,15129
九龙沟,36763
石象湖,24644
赵公山,15970
大瓦山,18965
杜甫草堂,15978
乐山大佛,49862
金沙遗址,15974
青羊宫,19051
宽窄巷子,15972
药王谷,25941
二郎山,29690
毛儿盖,21286
雪宝顶,10135
牟尼沟,37717
七藏沟,14925
九峰山,46803
凉台沟,21252
卡龙沟,20627
达古冰川,18614
孟屯河谷,10647
老君沟,31238
三星堆,13533
萝卜寨,35962
窦圌山,20679
观雾山,20455
格萨拉,25925
虎牙大峡谷,16784
吴家后山,18744
双桥沟,18170
九鼎山,10630
蓥华山,24847
松坪沟,21368
卧龙,10730
花湖,18447
杭州,10156
乌镇,10434
西塘,10010
绍兴,10155
宁波,10129
舟山,11505
普陀山,11534
千岛湖,10445
嘉兴,11681
东极岛,10439
横店,10608
温州,11688
南浔,10089
嵊泗,11469
丽水,10124
湖州,11912
枸杞岛,30801
雁荡山,11746
台州,13298
安吉,10247
金华,11252
临安,15076
桐庐,15348
楠溪江,10090
衢州,12651
莫干山,14125
仙居,16925
桐乡,64696
海宁,23697
象山,16000
朱家尖,15994
奉化,16335
嘉善,64697
诸暨,12957
义乌,64478
南麂岛,10117
临海,11626
宁海,16168
德清,62051
遂昌,10555
新昌,10798
萧山,84552
大明山,15995
余姚,27329
渔山岛,45833
天目山,10582
溪口,16001
长兴,16002
淳安,64682
天台,64694
武义,10139
余杭,24180
东阳,17385
泰顺,10210
安昌,15997
花鸟岛,198518
开化,10154
青田,64686
江山,12393
富阳,14176
慈溪,22510
苍南,17322
上虞,16682
浙西大峡谷,10147
云和梯田,18161
温岭,64695
洞头,17321
建德,15334
乐清,64692
永嘉,64691
兰溪,16490
杭州宋城旅游区,20650
龙泉,10834
瑞安,11255
石浦,22790
缙云,64687
景宁,18088
诸葛八卦村,11824
云和,64685
嵊山,141066
嵊州,20996
龙门古镇,16498
三门,11251
磐安,45987
前童,17320
永康,16334
柯桥,84681
浦江,64752
塘栖,36563
文成,64689
浙南,17560
廿八都古镇,10797
海盐,66313
平阳,64690
岱山,64699
松阳,64684
龙游,42877
三尖,17016
平湖,63180
林坑,15998
新市古镇,43347
慈城,17319
南黄古道,22141
玉环,84700
庆元,64683
檀头山,18936
芙蓉村,15999
新叶古镇,141386
大慈岩,146576
俞源,16504
腾蛟,24159
大盘山,19253
常山县,176465
外婆坑,147131
窈口,26758
西径山,19255
大奇山,18257
乌溪江,11345
江心屿,34422
四明山,30458
钱塘江,12431
黄檀洞,18910
桃花岛,18753
六春湖,33423
江郎山,34429
茗岙,28018
浙东大峡谷,18944
括苍山,18188
梅源梯田,17571
天台苍山,17161
南北湖,18217
猕猴峡,10084
方岩,17923
仙华山,34419
郭洞,16499
浙江天台山,10450
五泄,17917
西湖,10341
西溪,14906
东白山,20045
太子湾,33628
九溪,22388
河姆渡,22811
丹山赤水,19791
南尖岩,15996
河坊街,19079
三亚,10030
海口,10513
亚龙湾,16020
蜈支洲岛,14786
海棠湾,196292
文昌,11701
万宁,11616
西沙群岛,10194
琼海,41342
陵水,62982
三沙市,43377
五指山市,17294
三亚湾,196328
博鳌,21804
大东海,196343
保亭,25419
儋州,10781
东方市,62987
乐东,62984
南沙群岛,64084
琼中,11648
澄迈,62985
昌江,11253
定安,17995
大小洞天,203729
白沙,62986
临高,62983
屯昌,62981
铺前镇,17906
中沙群岛,143451
石梅湾,24278
南渡江,18800
南湾猴岛,19082
锦母角,25415
洋浦半岛,10780
清水湾,23127
尖峰岭,19084
厦门,10132
鼓浪屿,12522
福州,11498
武夷山,10039
泉州,11246
霞浦,12491
漳州,10790
平潭,10702
南靖,14292
东山岛,16009
永定,10494
莆田,11784
宁德,12681
龙岩,11624
云水谣古镇,19288
南平,12013
福鼎,28210
三明,14844
泰宁,17407
大嵛山岛,28301
湄洲岛,16011
永泰,21365
惠安,17856
连江,22838
漳浦,28027
六鳌,28055
晋江,64561
长乐,21440
崇武,11555
福清,11369
尤溪,17421
永安,16593
长汀,64541
沙县,45268
梅林镇,17802
连城,64550
石狮,84595
仓山,143361
德化,64559
屏南,17961
闽侯,16700
仙游,64563
福安,16872
龙海,64577
同安,84763
建宁,18681
古田,20263
海沧区,176255
长汀古城,10216
周宁,64631
长泰,140743
罗源,64562
安溪,64558
永春,38611
诏安,64552
建瓯,29809
塔下,18428
南安市,143527
云霄县,140615
蕉城,143364
樟脚村,17804
平和,64551
漳平,64547
闽清,36437
武平,64542
华安,64553
将乐,140685
顺昌,64555
龙文区,176237
翔安区,176267
宁化,64539
秀屿区,176288
蟳埔村,17780
上杭,64540
奇达村,34427
建阳区,64556
柘荣,143366
马尾区,176279
光泽,64580
邵武,64554
泉港区,176252
浦城,143362
政和,143363
寿宁,143365
延平区,176240
涵江区,176285
松溪,64557
明溪,143528
洛江区,176249
清流县,176222
大田县,176231
上街镇,84896
冠豸山,35478
大金湖,17695
太姥山,16649
赵家堡,32339
目屿岛,28303
漳州火山岛,17049
南普陀寺,16010
清源山,17803
海门岛,19708
戴云山,18325
龙栖山,37373
鼓山,24485
三坊七巷,17800
白水洋,19556
南京,10684
苏州,10207
无锡,10140
扬州,10128
周庄,11729
常州,10802
镇江,12059
同里,10435
连云港,10804
徐州,11431
无锡灵山,15967
宜兴,10446
南通,11558
昆山,17362
泰州,11773
兴化,14458
太湖,10554
常熟,10157
甪直,10436
淮安,13756
盐城,15820
溧阳,50311
江宁,84751
锦溪,11416
江阴,12251
常州恐龙园,15966
太仓,10429
宿迁,23129
木渎,14774
高淳,17397
丹阳,17664
张家港,59341
惠山古镇,18179
汤山,84582
盱眙,17746
千灯,17316
茅山,21529
如皋,10337
启东,140688
高邮,21034
句容,63220
溧水,18048
东台,18896
泰兴,27820
如东,19818
茅山,21529
如皋,10337
启东,140688
高邮,21034
句容,63220
溧水,18048
东台,18896
泰兴,27820
如东,19818
邳州,55434
靖江,64640
大丰,64639
黎里古镇,22266
太仓沙溪,23995
海门,64642
金坛,141611
海安,64641
溱潼古镇,20416
射阳,140758
睢宁,64633
明月湾村,147280
宝应县,176384
丰县,176294
泗洪县,176312
阜宁,140570
泗阳县,176318
永联村,143708
建湖,64638
灌云,64636
滨海县,176408
响水县,176405
张浦,18571
涟水县,176336
金湖县,176324
灌南县,176369
紫金山,23992
洋口港,18728
明孝陵,29785
夫子庙,17763
阳澄湖,16588
玄武湖,26752
中山陵,17764
洪泽湖,11277
林屋洞,38737
金鸡湖,44093
栖霞寺,41874
盛泽湖,18318
山塘街,18238
大明寺,25539
陆巷,18168
瘦西湖,25664
天目湖,14580
鼋头渚,17765
宝华山,26013
花果山,15964
栖霞山,15965
留园,48611
天平山,24367
溱湖,18269
锡惠公园,42813
广州,10088
深圳,10198
珠海,10269
惠州,11475
佛山,13394
东莞,12334
汕头,13063
韶关,10779
顺德,10503
潮州,11449
中山,10514
番禺,26496
清远,10548
湛江,12475
肇庆,10778
广州长隆旅游度假区,167129
阳江,11479
巽寮湾,18381
江门,12691
开平,10507
海陵岛,18478
南澳岛,18929
梅州,10447
从化,18341
南雄,22113
惠东,18253
河源,13022
外伶仃岛,19896
汕尾,11446
增城,16785
英德,15702
珠海横琴长隆国际海洋度假区,167207
潮汕,141310
花都,24023
茂名,14336
揭阳,14191
台山,16286
下川岛,25755
南澳县,16023
东西冲,18908
东澳岛,22547
赤坎古镇,27779
乳源,18190
庙湾岛,18187
连州,14257
闸坡,16021
云浮,42797
盐田,84517
虎门,11440
放鸡岛,11511
上川岛,38660
阳山,19895
连南,64492
三水,19894
阳西,63602
沙湾古镇,26037
龙门,64473
硇洲岛,16024
徐闻,63599
新兴,21821
普宁,17053
乐昌,17291
恩平,36866
博罗,64132
雷州市,63598
阳春,63601
观澜版画村,34614
南沙区,175499
斗门,84746
新丰,64131
信宜,23456
大埔,63839
德庆,17943
罗定,38395
佛冈,64129
丰顺,140665
高明区,175460
鹤山,84855
连平,24073
金湾区,175502
仁化,64130
电白,63600
潮安,140663
海丰,143405
连山壮族瑶族自治县,143404
龙川,64134
惠阳区,175523
澄海,84782
兴宁,17288
饶平,143398
四会,140754
高州,84731
廉江,143761
小榄镇,84553
坝光,18647
郁南,23765
封开,63303
高要,143764
怀集,140684
吴川,143763
陆丰,143406
揭西县,175535
惠来,66291
陆河县,143407
平远,64135
紫金,64133
化州,143400
五华县,143403
和平,66290
靖海,16645
翁源,140548
遂溪,143762
广宁,140551
东源,64476
蕉岭,143401
始兴县,175478
清新区,140736
林寨古村,20669
潮南区,175544
坪石,165652
鹅凰嶂,18181
七礤溪谷,18085
黄埔古港,16182
聚龙村,19817
丹霞山,17694
船底顶,18288
陈家祠,17812
沙面,16025
海珠湖,28460
大夫山,21781
西樵山,13116
连州大东山,18160
沙扒湾,28891
中国第一滩,26315
南鹏岛,36310
黑石顶,30838
紫云谷,21062
鼎湖山,18983
小洲村,14785
红砖厂,17487
南昆山,28094
梧桐山,33039
双月湾,18627
三角洲岛,27459
大亚湾,10777
大甲岛,18525
大梅沙,37378
杨梅坑,21380
百万葵园,18439
华南农业大学,26653
荷包岛,34261
下坝坊,27672
东部华侨城,16022
松山湖,21294
小辣甲,20342
桂林,10095
阳朔,10027
北海,10796
涠洲岛,10453
南宁,10308
龙脊梯田,18065
黄姚古镇,11755
柳州,12513
贺州,12913
防城港,13701
龙胜,13159
漓江,10508
东兴,36937
梧州,26480
百色,17133
巴马,12309
靖西,18291
崇左,13188
三江,63836
钦州,15306
玉林,12682
海洋乡,146159
河池,16571
蒙山县,143422
上林,24058
贵港,14797
大新,63611
来宾,13048
灵川,66259
昭平,66261
凭祥,63829
金秀,34215
北部湾,11814
广西全州,63024
恭城,84729
资源县,63022
桂平,63816
融水,63835
兴安,63612
扬美,10506
龙州,140561
宜州,64589
大圩,24586
合浦,140755
富川,63028
德保,63826
容县,63589
乐业,63827
武鸣,63833
柳江,143767
北流,66258
南丹,140565
兴安古镇,10428
荔浦,63613
防城,84744
大化,44535
罗城,143417
凌云,25645
宾阳,63834
兴安,66260
马山,143420
象州,63821
横县,63590
隆安,140670
都安,140671
博白,33373
永福,62635
融安,143419
岑溪,63026
平果,63828
鹿寨,63817
平乐县,63023
环江,63819
上思,63818
扶绥,143413
浦北,143421
灌阳,143414
凤山县,63831
平南,143415
灵山县,174773
陆川,140622
田阳,143411
那坡,63825
钟山县,63027
东兰,143416
武宣,63820
藤县,63025
天峨,57887
天等,143765
宁明,63830
忻城,143418
合山,143766
隆林各族自治县,174734
田东,143409
雁山区,174821
苍梧,140563
柳城,140692
兴业,143423
田林县,143410
覃塘区,174800
西林,143412
长发村,18660
和平乡,84712
十万大山,28668
德天瀑布,10364
鹅泉,17002
左江,18973
三娘湾,20331
明仕田园,16935
斜阳岛,18100
桂林虞山公园,37262
福绵区,174812
海洋山,21624
大容山,18927
程阳,22173
兴坪,22606
金秀大瑶山,18017
拉萨,10442
林芝,10814
纳木错,10417
阿里,10073
日喀则,11474
珠穆朗玛峰,10811
墨脱,10079
波密,38413
山南,11606
那曲,11662
冈仁波齐,15681
芒康,21606
昌都,11700
雅鲁藏布江,56286
左贡,29862
八宿,63450
比如,63538
普兰,24194
巴松措,51480
江孜,10812
樟木,23005
吉隆,16692
工布江达,63424
浪卡子,62934
察隅,63432
拉姆拉错,62629
察瓦龙,18049
盐井,29128
邦达,146359
当雄,145300
定日,56359
安多,19164
札达,22794
米林,63427
狮泉河,18009
加查,63423
墨竹工卡,62933
亚东,62806
拉孜,145313
堆龙德庆,62928
萨迦,10830
聂拉木,66227
萨嘎,145310
班戈,62812
丁青,30736
双湖县,174263
贡嘎县,62952
达孜,62931
朗县,63387
来古村,21188
仲巴,64143
曲水,62926
乃东,62956
洛扎,62951
错那,62955
尼木,63520
措勤,64142
噶尔,145312
类乌齐,30185
那曲县,174257
江达,63508
日土,64141
巴青,63547
索县,63522
白朗,62808
定结县,174236
昂仁,145311
曲松,63420
宁金抗沙峰,18175
琼结,62953
改则县,174230
扎囊县,174275
察雅,63504
措美县,174272
革吉县,174227
洛隆县,174287
南木林县,174245
聂荣县,174260
桑日,63403
边坝县,174284
嘉黎,62818
林周县,174266
贡觉县,174293
卡若拉冰川,22093
然乌,26026
大昭寺,17776
申扎县,174254
布达拉宫,56333
甘丹寺,34324
马卡鲁峰,21202
仁布县,174251
谢通门县,174233
扎什伦布寺,34334
康马县,174248
羊卓雍错,11427
雍布拉康,21988
米堆冰川,19579
雅鲁藏布大峡谷,18191
尼洋河,20364
南伊沟,22090
巴松错,10826
隆子县,174278
米拉山,27551
南迦巴瓦峰,23098
贵阳,11239
黔东南,10381
荔波,11932
黄果树瀑布景区,10085
镇远,14753
西江,14484
安顺,13868
遵义,10376
梵净山,10275
赤水,10046
兴义,11254
凯里,10474
青岩古镇,10014
铜仁,13707
肇兴,10103
黔南,12950
六盘水,10839
黔西南,11799
从江,63085
毕节,16879
镇宁,31110
雷山,22068
花溪,27474
威宁,10401
都匀,17915
黎平,63082
织金,63073
榕江,28346
岜沙,10221
丹寨,143429
盘县,63075
天龙屯堡,10331
黔西,63074
郎德,22024
赤水河谷,206888
桐梓,63080
贵定,24324
三都,63081
开阳,16871
晴隆,63078
堂安,21254
大方,143425
龙里,140675
赫章,27665
道真,143770
平塘,140674
仁怀,140601
绥阳,63076
石阡,143442
湄潭,140586
紫云,11330
贞丰,63079
习水,64463
剑河,140607
平坝县,66254
小黄侗寨,21793
福泉,140585
罗甸,143435
关岭,143768
思南,143443
清镇,143426
独山,64477
江口,63610
台江,66255
天柱,143432
黄平,143430
修文,140584
惠水,143434
松桃,143444
水城,66253
息烽,143428
大同古镇,15968
隆里,28507
锦屏,66256
施秉县,63084
安龙县,63077
麻江县,63083
三穗,143431
六枝特区,174677
兴仁,143440
纳灰村,143710
南龙古寨,15969
瓮安,143436
务川,143771
正安,143450
玉屏侗族自治县,143447
印江土家族苗族自治县,143446
长顺,140616
纳雍,10801
德江,143441
凤冈,143448
普安,143438
册亨,143437
余庆,143449
车江三宝侗寨,25409
施洞,30700
摆贝,21922
万山区,174710
金沙县,143769
望谟,143439
普定,143424
沿河土家族自治县,143445
岑巩,143433
南江大峡谷,18092
织金洞,60284
水银河,17179
茂兰,22435
牛棚梁子,16886
加榜梯田,16741
韭菜坪,22345
长嵌沟,22800
马岭河峡谷,32450
西安,10195
青海湖,10799
敦煌,10240
华山,10577
西宁,10800
兰州,10783
甘南,10076
乌鲁木齐,10218
喀纳斯,10732
银川,10771
张掖,11340
伊犁,11471
北疆,10757
嘉峪关,11353
酒泉,15293
壶口瀑布,10087
延安,11349
咸阳,18372
喀什,10468
吐鲁番,10469
太白山,10531
阿勒泰,18400
祁连,19603
汉中,13366
沙坡头,10770
天水,10784
宝鸡,14369
禾木,10832
渭南,14777
中卫,18790
年保玉则,10817
门源,13153
格尔木,20876
布尔津,17988
华阴,60742
榆林,11613
南疆,10758
可可西里,10055
哈密,11348
临潼,84669
海西,16813
克拉玛依,15017
天山,17879
德令哈,12444
扎尕那,19730
郎木寺,14495
安康,14410
海北藏族自治州,62074
拉卜楞寺,10837
武威,13849
夏河,24828
库车,16142
靖边,33919
库尔勒,12289
坎布拉,10581
贵德,10604
巴音郭楞,18231
玉树,11294
阿克苏,18008
商洛,12861
大柴旦,17985
白哈巴,14943
石河子,14072
昌吉,15462
平凉,45900
韩城,16026
伊宁县,174176
陕北,17497
青木川,18202
铜川,28644
伊宁,63095
独库公路,145705
和田,18005
果洛,24944
陇南,34709
沙湖,15510
罗布泊,11611
特克斯,63096
玛多,10568
塔克拉玛干沙漠,11692
瓜州,14288
柴达木盆地,12503
鄯善,16245
定西,12893
迭部,62841
同仁,10602
久治,63526
可可托海,64136
昭苏,63092
互助,13897
乌兰,63512
甘泉县,144275
乌尔禾,21297
周至,20770
蓝田,64037
海南藏族自治州,62076
临夏,62062
庆阳,15642
玉门,63524
碌曲,62824
柞水,17361
塔什库尔干塔吉克自治县,62796
北屯,16193
奎屯,63100
哈巴河,20772
博乐,63090
河西走廊,152043
青铜峡,10772
袁家村,156544
宜川,64053
白银,62060
若羌,18014
巴里坤,18029
山丹,22612
塔城,61977
杏花沟,24090
户县,64036
神木,64031
乌孙古道,16920
固原,62070
石泉,26506
泾阳,64045
玛曲,62815
博尔塔拉,62079
轮台,63605
巩乃斯,17989
湟中,63549
刚察,63527
金塔,63523
永宁,63824
石嘴山,62072
沙湾,63104
洋县,63034
新源,63099
叶城,18010
海东,62075
唐布拉草原,17993
吴忠,62073
黄南,62077
富平,140749
黄陵,64049
岐山,19784
太白县,63875
西吉,15925
佛坪,63037
扶风,63877
卓尼,62828
玉珠峰,11343
五家渠,32748
霍城,63093
克孜勒苏柯尔克孜自治州,49974
霍尔果斯市,174179
金昌,62061
乾县,64039
兴平,64044
乌苏,141561
和静,63603
三原,64213
蒲城,18176
奇台,64139
潼关,144268
永靖,62855
阿克塞,63531
独山子,63608
留坝,63032
米脂,33285
库尔德宁,18011
榆中,62854
景泰,62859
汉阴,25071
冶力关,19868
镇安,64059
白水,64066
天祝,62847
额尔齐斯河,18027
夏特古道,16801
礼泉,64043
陇县,63874
尖扎,63534
延川,64051
宁强,63029
大荔,64068
共和,63525
佳县,64032
木垒,141551
湟源,63535
肃南,63516
勉县,63030
南郑,63031
达坂城,12546
商南,64063
民乐,62814
阿拉尔,23819
绥德,50808
灵武,11518
眉县,63876
彬县,64038
凤县,63038
紫阳,64055
凤翔,64025
临泽,63515
平利,64058
山阳,64061
平罗,66257
阜康,64137
杨陵,152743
冷湖,144756
丹凤,64062
永登,62850
玛纳斯,19148
子洲,63878
吴堡,144279
玛沁,63514
城固,63033
尉犁,63606
高台,34881
定边,144276
乐都,63532
托克逊,141562
福海,141547
吉木萨尔,64138
都兰,63511
文县,62860
宕昌,66229
阿尔金,17331
岷县,143370
白河县,144262
陇西,62858
民勤,62845
西乡,63035
岚皋,64056
合阳,58257
宁陕,64054
莎车,18015
循化,63537
渭源,62856
盐池,63823
巩留,63097
高陵,144269
旬阳,64057
须弥山,20613
镇巴,63036
洛川,64050
温宿,63086
尼勒克,63098
阿克苏市,63087
阿拉山口,36233
安塞,144272
且末,63604
米东区,174206
中宁,144170
宜君,144267
乌鲁木齐县,174200
阿克陶,62803
武功县,64040
茫崖,144757
精河,63091
清水县,143399
府谷,64033
临洮,143368
博湖,63607
囊谦,29901
武山,62865
淳化,64212
康县,143379
礼县,62861
会宁,140753
海晏,63550
贺兰县,144168
合作县,62835
班玛,63528
黄龙县,64052
达日,63513
成县,62863
阿图什,62807
民丰,62923
巴楚,62911
永昌,143372
泾川,143386
乔戈里峰,28929
拜城,63088
舟曲,143371
乌恰,62804
洛南,144266
两当,143380
清涧,144278
甘谷,62866
额敏,63103
秦安,143394
伊吾,64140
略阳,144264
澄城,30757
英吉沙,17992
大通回族土族自治县,174302
呼图壁,141550
察布查尔,63094
富县,174893
神钟山,18028
临潭,66228
达里雅布依,18004
托里,63102
正宁,143393
和硕,63807
古浪,143397
徽县,62864
皋兰,143374
志丹,64047
克勒青河谷,18532
靖远,143367
麦盖提,141555
旬邑,64042
皮山,141554
西和,62862
车师古道,18721
杂多,144174
麟游县,144263
巴尔鲁克山,17881
焉耆,141549
西白杨沟,18491
同心县,144167
沙雅,141545
庄浪,143385
漳县,62857
西海固,15924
永寿,144271
长武,144270
头屯河区,174203
于田,62920
图木舒克,62979
铁门关,141564
民和,144749
墨玉县,141553
泽普,62906
千阳县,174857
东乡族自治县,143375
子长县,144274
肃北蒙古族自治县,174317
青河,141548
吴起县,64046
积石山保安族东乡族撒拉族自治县,174332
化隆,144748
治多,63509
天峻县,141607
裕民,63101
吉木乃,63609
玉树市,174296
铁湖达坂,18272
和政,143377
康乐,143378
岳普湖,62905
镇原,143392
庆城,143391
海原县,144169
泾源,63822
通渭,143369
龙湾村,143706
张家川,143396
静宁,143383
达瓦昆沙漠,17984
镇坪,144261
疏勒,62901
伽师,141556
疏附,62849
宁县,143390
阿瓦提,141543
泽库,63551
环县,143389
贵南,144171
华池,143388
科古琴山,18229
合水,143387
灵台,143384
河南蒙古族自治县,174299
乌什县,62925
白碱滩,144758
广河,143376
柯坪,62924
崇信,143381
华亭,143382
洛浦,141552
兴海,144173
和布克赛尔,141557
隆德县,164876
和田县,174164
柏杨河,29364
双河市,174191
甘德县,144153
称多,63510
新和,141546
曲麻莱县,141608
彭阳,144166
延长县,144273
孟达天池,17098
可可托海镇,16239
帕米尔高原,18030
巴音布鲁克,15594
霍尔果斯,29093
黄河源头,10022
鸣沙山,16017
巴伦台,65505
艾比湖,17990
奥依塔克镇,165169
金丝峡,18838
五彩滩,17987
红其拉甫,17982
那拉提,15955
阿合奇,62846
阿尼玛卿,11457
茶卡盐湖,15993
哈拉湖,35453
少华山,11617
同德县,144172
日月山,17799
五彩城,23024
牛背梁,18839
喀拉峻,19234
慕士塔格峰,17991
阿拉尔金草滩,17983
恰西,28261
塔尔寺,15992
马牙雪山,11304
策勒县,174170
香炉寺,35641
西夏王陵,18045
大河沿,16651
冰晶顶,16933
南五台山,24878
翠华山,18234
五彩湾,17986
江布拉克,11347
镇北堡影视城,24202
关山牧场,12430
博斯腾湖,19265
鳌山,16585
法门寺,12658
卡拉库里湖,17979
水洞沟,18046
统万城,16814
海宝塔,18047
崆峒山,11424
纺织城艺术区,36362
黄帝陵,28459
天山大峡谷,18012
克孜尔千佛洞,18013
艾提尕尔清真寺,18032
龟兹古城,18006
赛里木湖,16799
七一冰川,20927
可克达拉市,174194
刘家峡,11359
库木塔格沙漠,18007
博格达峰,14296
麦积山,16018
南郭寺,17808
官鹅沟,30112
交河故城,17913
黄河石林,16895
平川区,174347
新疆天鹅湖,17998
青岛,10444
济南,10575
泰山,10284
威海,10256
烟台,11243
日照,10805
泰安,11817
长岛,11270
蓬莱,10443
曲阜,11244
潍坊,11707
临沂,12819
台儿庄,17019
淄博,11705
崂山,11400
济宁,13113
枣庄,11708
东营,11921
德州,11936
聊城,11926
青州,15962
黄岛,21747
菏泽,11820
荣成,55762
烟墩角,17303
莱芜,11436
乳山,11612
滨州,20482
龙口,16768
海阳,64454
周村,15960
沂水,28294
高密,11276
城阳,84781
即墨,64380
滕州,22069
栖霞,64381
莱州,18281
邹城,25946
章丘,25191
东平,56775
临朐,17889
莒南,64330
鸡鸣岛,55759
胶州,84692
诸城,140619
蒙阴,64232
微山,66309
文登,66311
寿光,64376
费县,144211
平邑,63815
梁山县,140539
新泰,23991
商河,140800
沂源,34195
郓城,144195
招远,64442
兖州,84516
单县,144191
平度,64378
五莲,64379
沂南,139409
齐河,140764
临清,144208
莱阳,84680
莒县,64377
博山区,176120
大钦岛,19451
邹平,66310
长清区,176069
平阴,144199
汶上,84562
阳谷,144209
鱼台,144202
安丘,140763
庆云,144182
郯城,144213
高唐,144205
兰陵县,176105
莱西,144214
广饶,144186
巨野,144194
垦利,144187
昌乐,144216
泗水县,144203
肥城,84544
桓台,64375
惠民县,140762
曹县,144189
济阳,144198
嘉祥,144200
东阿,144204
陵县,23613
河口区,176129
无棣,144176
茌平,140538
九龙大峡谷,17795
牟平区,176150
禹城,144185
金乡,144201
博兴,140587
平原县,176054
夏津,140556
毓璜顶,17796
东明,144193
鄄城,144196
临沭,144212
乐陵,144179
昌邑,140765
冠县,144206
利津,144188
高青,144217
莘县,144210
沾化,144178
山亭区,176087
成武县,144190
阳信,144177
武城,144184
宁阳,144215
宁津,144181
临邑,144180
蒿滩,22247
刘公岛,17779
十芴园,17949
成山头,18915
昆嵛山,20316
大明湖,24502
仰天山,26471
趵突泉,18019
海驴岛,19039
万平口,17778
大珠山,35790
竹岔岛,19365
黄河口,11561
岱庙,15963
鹤伴山,20060
宝塔礁,17797
郑城,185219
灵山岛,19211
微山湖,15959
八大关,21487
平遥,10547
太原,11240
五台山,10057
大同,11241
壶口瀑布,10087
晋中,11955
临汾,11307
忻州,14528
晋城,11560
运城,13738
恒山,17190
碛口,10192
绵山,11258
长治,14401
介休,25315
五台县,63856
吕梁,29359
阳泉,11636
朔州,12857
宁武,18713
榆次,11633
永济,16944
浑源,63866
灵石,63857
吉县,63843
阳城,22874
祁县,63858
应县,19640
平顺,63948
洪洞,63851
偏关,63852
陵川,63862
临县,63850
太谷,15991
代县,63853
原平,17898
李家山,34676
昔阳,21711
盂县,63867
平陆,23392
方山,144243
壶关,63865
芮城,63840
右玉,21936
交城,19156
大汖,17151
阳曲,140554
汾河,21814
黄崖洞,17798
沁水,63860
高平,30990
清徐,139652
武乡,140668
蟒河,19419
离石,20987
汾阳,63847
霍州,63846
侯马,144232
阳高,140553
平定,66285
乡宁,144234
黎城,63849
定襄,63854
泽州,63861
广武,38273
河曲,21048
云冈镇,187154
后沟,18971
曲沃,63845
浮山,144230
新绛,63841
隰县,20990
河津,140667
稷山,144260
怀仁,144250
左权,144227
襄汾,63844
灵丘,144222
神池,18059
天镇,144223
文水,144246
娄烦,63859
寿阳,144225
闻喜,144258
孝义,144247
垣曲,63842
沁源,144219
左云,144224
临猗,144257
永和,64079
长子,63863
榆社,144226
柳林,144244
石楼,144245
潞城,63864
绛县,144259
翼城,144235
山阴,66284
大宁,144229
广灵,144221
五寨,144255
襄垣,140559
岢岚,144256
保德,144252
繁峙,144253
古县,144231
安泽,144228
兴县,144248
岚县,144249
汾西,66282
师家沟,23465
万荣（山西）,175562
夏县,140669
和平镇,144239
静乐,144254
中阳,66283
古交,144251
蒲县,144233
和顺（山西）,175574
沁县,144218
交口,21765
屯留,144220
圣王坪,19131
皇城相府,29822
佃坪乡,144237
团柏乡,144240
天龙山,28647
晋祠,15990
勍香镇,144236
娘子关,16398
永安镇,144242
邢家要乡,144241
藏山,20251
对竹镇,144238
土林,47012
老牛湾,11823
武家湾,20790
张壁古堡,15105
雁门关,18509
鹳雀楼,18413
杀虎口,38244
柏洼山,28155
芦芽山,14759
广胜寺,24546
大寨,33955
王莽岭,19980
悬空寺,15989
张家界,10267
长沙,10466
凤凰古镇,10024
湘西,13287
衡山,11886
郴州,10792
衡阳,10398
岳阳,14104
韶山,12254
株洲,21916
怀化,23078
湘潭,34888
常德,17070
岳麓山,16003
吉首,34639
邵阳,15540
平江,63596
永州,22460
武陵源,44658
娄底,17363
芙蓉镇,16005
益阳,15393
资兴,63595
南岳区,84644
浏阳,12697
靖港古镇,14455
洪江,11271
衡东,139641
长沙县,175367
宁乡,140624
汝城,140742
通道,18875
芷江,11723
汨罗,28341
望城,36299
茶峒,18548
新化,63583
德夯,16006
桃源,63581
石门,63580
江永,17325
新宁,64127
宜章,63594
安化,57014
永顺,64485
炎陵,66280
道县,63587
津市市,175316
溆浦,64093
武冈,22088
江华,140757
耒阳,66278
黔城,20000
隆回,21407
花垣,64125
古丈,27437
醴陵,143881
城步,143872
慈利县,84778
祁东,143868
双峰,63585
绥宁,64487
沅陵,64087
桂东,143864
桂阳,63593
涟源,63584
攸县,63588
宁远,63591
靖州,140544
龙山县,64124
常宁,63592
湘潭县,175376
湘西南,10791
新晃,143870
衡山县,175343
沅江,143877
永兴,140691
洞口县,64126
会同,64085
澧县,143863
湘乡,140597
茶陵,63597
湘阴,143879
东安,63586
辰溪,140756
新邵,64128
中方,64086
岳阳县,175397
双牌,66276
祁阳,140760
衡南,143867
邵东,143873
南县,143876
桃江,63582
麻阳,143869
桑植,143880
保靖,143874
乾州镇,20095
临武,143866
嘉禾,143865
泸溪,143875
汉寿,140623
小沙江镇,19392
临澧,143862
冷水江,143871
安乡,143861
蓝山县,175334
华容,143878
临湘,140686
马鞍山苗寨,18742
邵阳县,175298
衡阳县,175340
安仁县,175391
新田县,175337
滩头,17739
泗门洲,18135
株洲县,175406
洞庭湖,15152
黑麋峰,34333
酃峰,18495
九嶷山,18938
乌龙山,21347
周洛,19394
东江湖,16007
紫鹊界,17903
莽山,10833
韭菜岭,18287
崀山,16008
马王堆,16004
扶苍山,17927
永州阳明山,18371
武汉,10133
恩施,10521
神农架,10489
宜昌,10490
武当山,11257
三峡,10705
襄阳,10787
咸宁,13368
十堰,11293
荆州,14124
黄石,14202
黄冈,22112
黄陂,21589
随州,10786
利川,64069
荆门,25449
鹤峰,143840
麻城,17481
孝感,62065
丹江口,64074
赤壁,64027
鄂州,16273
洪湖,21374
天门,62977
钟祥,17256
罗田,64081
大悟,21530
安陆,21641
巴东,64073
潜江,62976
江夏区,175214
长阳,140666
宜都,140620
南漳,10788
郧西,18427
仙桃,62978
孝昌,143857
京山,27879
英山县,140745
红安,18264
黄梅,64082
通山,64080
东西湖区,175211
蔡甸区,175208
当阳,64077
秭归,30045
蕲春,63421
大冶,143843
阳新,64083
远安,10789
咸丰,64070
建始,64072
崇阳,143853
谷城,140621
新洲区,175238
汉川,25311
广水,143851
松滋,140683
五峰,64076
房县,143847
应城,140748
宣恩,64071
保康,143855
兴山县,140618
枣阳,140746
浠水,43564
武穴,143842
来凤,18171
竹溪,143850
嘉鱼县,143854
通城,140744
云梦,143858
老河口,143856
郧阳区,143848
枝江,143860
随县,143852
沙洋,64078
汉南,84899
宜城,143859
石首,143846
监利,143845
竹山县,143849
公安县,143844
团风,143841
江陵县,175187
文佛山,26306
习家池,22942
昙华林,51644
木兰天池,24362
漳河水库,19591
武赤壁,17740
神农架老君山,17976
户部巷,16012
黄鹤楼,14776
文赤壁,18799
大九湖,20472
古隆中,19704
罗田天堂寨,33317
黄山,10440
宏村,10825
合肥,10793
九华山,11264
芜湖,10803
徽杭古道,14745
歙县,13125
黟县,14978
西递,11443
宣城,11259
绩溪,22673
天柱山,14941
皖南,24998
安庆,12058
蚌埠,15364
马鞍山,18741
池州,39486
滁州,15743
塔川,16230
六安,11328
查济,11274
泾县,27725
三河古镇,14382
巢湖,22564
淮南,44963
呈坎,33980
铜陵,22946
亳州,20566
淮北,15091
休宁,26003
石潭,16327
金寨,16787
青阳,64465
石台,30827
阜阳,62057
宁国,64543
宿州,62058
寿县,64457
桐城,15143
岳西,64459
家朋,17882
南屏,18715
旌德,140613
凤阳,64470
潜山,64461
肥西,64466
深渡镇,132248
唐模,42544
霍山县,64455
祁门,64544
齐云山镇,187160
舒城,64456
广德,60721
当涂,11261
卢村,42226
西溪南镇,143522
天长,143304
棠樾,24525
潜口,15072
庐江,64468
和县,143326
定远,29908
太湖县,64458
颍上,140672
怀远,64546
全椒,143303
肥东,64467
太和,143521
濉溪,64464
南陵,143525
霞坑,139682
蒙城,143355
无为,143526
明光,64545
砀山,143328
东至,143298
繁昌,143524
萧县,64462
含山,143325
蔡村,18277
望江,143291
郎溪,143360
长丰,140610
涡阳,84723
界首,143306
芜湖县,176207
宿松,64460
临泉,143307
来安,143300
五河,34950
灵璧,140609
固镇,66312
霍邱,143324
利辛,143354
枞阳,143292
南谯,143302
泗县,143327
阜南,143305
郑村镇,139801
凤台,143319
怀宁,143290
昌溪乡,132249
太平湖,18394
垓下,24512
琅琊山,41478
龙须山,27402
天堂寨,27269
牯牛降,17532
皖西大裂谷,27800
皇藏峪,26390
清凉峰,17266
桃花潭,18292
蜀源村,132247
婺源,10045
庐山,10244
武功山,12702
南昌,11754
三清山,11465
景德镇,10589
上饶,15219
九江,11679
赣州,11609
井冈山,11248
宜春,14696
鹰潭,22762
萍乡,11303
吉安,41448
龙虎山,15273
抚州,41249
篁岭村,159537
瑶里,18986
新余,34173
石城,19009
鄱阳湖,13915
瑞金,29348
贵溪,19689
玉山县,140678
新建,66306
樟树,11335
庆源,16983
弋阳,66307
安义古村,19652
宁都,140588
龙南,66304
于都,19038
铜鼓,140680
信丰,144112
靖安,140738
铅山县,140591
武宁,64472
浮梁,66308
永修,64471
莲花县,64157
修水,144130
星子县,140741
瑞昌,144123
泰和,140596
大余,140679
梅岭,185213
丰城,66303
永新,39806
鄱阳,140590
金溪,143934
德兴,144134
崇义,66302
遂川,144116
安远,140677
兴国,144113
宜黄,23903
资溪,143938
南丰,143937
安义,66305
进贤,140592
乐平,140594
黎川,143936
安福,140676
寻乌,144114
新干,144119
上高,144126
芦溪,144131
高安,140662
余干,144137
吉水,144115
乐安,143935
崇仁,143931
万安,144117
共青城市,176003
宜丰,144129
广丰,144133
全南,144111
上犹,140593
会昌,144110
奉新,144125
广昌,143933
赣县,144109
万载,140598
清华镇,159530
万年县,144136
德安,144121
都昌,144122
定南,144108
钓源古村,19210
彭泽,140589
上栗,144132
分宜,144138
东乡,143932
永丰,144120
南城县,176030
石城县,175994
余江,144139
峡江,144118
湖口县,140801
横峰,144135
孽龙洞,20762
郭坑口,18338
渼陂,24411
武陵岩,18424
柘林湖,25159
南矶山,24582
龟峰,21752
里仁镇,62795
江西齐云山,18249
上堡梯田,28063
北戴河,10209
秦皇岛,11499
承德,10432
石家庄,11830
乌兰布统,17920
张家口,11735
塞罕坝,10219
保定,11796
草原天路,142763
唐山,11781
张北,11386
木兰围场,10034
丰宁坝上,10695
南戴河,16013
崇礼,16575
野三坡,11262
邯郸,11732
蔚县,11808
廊坊,14548
翡翠岛,10326
沽源,11567
昌黎,20079
丰宁,17860
山海关,10480
白洋淀,10309
邢台,12057
沧州,14894
乐亭,10785
涞源,18746
正定,23029
涿州,12053
小五台,10230
衡水,13034
兴隆,34594
易县,11265
怀来,19205
清东陵,11266
平山,17730
围场县,64145
定州,26831
鸡鸣驿古城,10270
西柏坡,11429
赤城,52710
井陉,17408
赵县,16016
霸州,11269
滦县,64150
遵化,21463
石头村,16015
涞水,66298
黄骅,16971
滦平,64144
迁安,64151
鹿泉,64195
宣化,64172
迁西,64149
武安,64184
安新,64182
抚宁,66301
抱犊寨,18964
固安,140608
涿鹿,63309
涉县,64183
三河,140694
阜平,143461
香河,64147
吴桥,143480
满城,143464
高碑店,143462
大名,64188
青龙县,64152
清苑,11267
阳原,64171
任丘,140555
唐海,30428
平泉,64146
河间,140603
唐县,64170
雄县,143467
徐水,143468
晋州,64192
南宫,17272
灵寿,64193
赞皇,64194
永年,64186
沙河,134713
磁县,64185
曲阳,143465
独石口镇,16742
丰润,84742
丰南,32557
新乐,64189
古冶,175964
冀州,143541
顺平,143466
青县,143478
隆化,66299
泊头,143471
清河,143705
广府镇,17301
玉田,143552
大厂县,175952
临漳,66297
峰峰矿区,175838
魏县,64187
藁城,143698
容城,140605
卢龙,143697
安国,143458
安平,143539
定兴,143460
宽城县,66300
辛集,143548
元氏,140606
滦南,64148
东光,143474
沧县,143473
献县,143481
景县,143542
故城,143538
蠡县,143469
临城,143556
内丘,143701
永清,143696
宁晋,143702
巨鹿,143555
广宗,143554
云州,16743
栾城,143551
高阳,143463
下花园,175916
藤龙山,20738
文安,143695
大城（河北）,175943
盐山,143529
成安,140604
邱县,143534
南皮,143477
馆陶,143530
无极,143549
高邑,143546
肥乡,143532
孟村,143476
肃宁,143479
万全,175904
望都,63222
阜城,143537
威县,175883
饶阳,143543
枣强,143694
怀安,175898
曲周,143535
广平,143533
新河,175880
康保,175901
深州,175919
鸡泽,143531
海兴,143475
行唐,143550
南和,143700
柏乡,143553
临西,175886
武邑,143545
隆尧,143699
深泽,143547
平乡,143703
博野,143459
喜峰口,11480
月坨岛,18236
祖山,32442
空中草原,10721
白石山,27655
任县,175877
赵州桥,59266
清西陵,11902
狼牙山,16014
尚义,175895
冉庄,18373
伏羲台,20552
荣国府,18375
驼梁,21228
邺城,23063
苍岩山,25062
井陉矿区,175853
隆兴寺,18226
嶂石岩,28895
开阳堡,17977
玉皇阁,31630
茅荆坝,17304
金山岭长城,10551
雾灵山,10709
门门沟,11858
白草洼,33580
鹰手营子矿区,175934
冰山梁,26202
桦皮岭,18392
西灵山,21774
老掌沟,13706
天漠,17425
样边长城,21317
东猴顶,19109
长嵯,10716
潘家口水库,19902
洛阳,10094
郑州,10794
开封,11242
云台山,11527
少林寺,10449
嵩山,15228
郭亮,11694
安阳,13805
焦作,12099
新乡,13100
龙门石窟,10632
信阳,13628
三门峡,17245
南阳,17396
登封,64201
栾川,24660
许昌,13326
商丘,14499
平顶山,14186
济源,10733
驻马店,32080
林州,64164
漯河,25503
辉县,64199
巩义,16684
周口,14445
濮阳,11484
鹤壁,24270
修武,64160
新郑,66292
鲁山,15961
淮阳,16887
神垕,14760
西峡,63871
嵩县,48962
新密,140540
禹州,66293
灵宝,66287
荥阳,64469
新安,63870
遂平,66295
汝州,140612
汤阴,64166
鄢陵,140566
商城县,64167
永城,140557
中牟,143793
偃师,143782
封门村,146823
鹿邑,64181
舞钢,64159
沁阳,66289
卫辉,64200
方城,140562
桐柏,143784
孟津,66288
新野,18511
郏县,64158
民权县,140568
南召,143783
南街村,10795
淅川,140689
滑县,143772
泌阳,64162
淇县,64168
汝阳,140673
社旗,63873
浚县,64169
项城,64179
洛宁,143780
固始,84721
内乡,63872
新县,175769
汝南,64163
邓州,140560
兰考,141609
舞阳,143803
确山,66294
武陟,143774
襄城,64161
罗山县,175763
渑池,140567
博爱县,140558
义马,143788
镇平,140582
长垣,143789
原阳,140571
西华,143797
正阳,143802
宝丰,143785
长葛,140617
伊川,143781
临颍,66296
宜阳,140569
叶县,143786
沈丘,143795
宁陵县,175811
睢县,175805
光山县,175766
夏邑县,175823
西平,143800
平舆,143798
唐河,18279
封丘,143790
卢氏,143787
温县,175676
太康,143796
郸城县,175802
扶沟,64177
柘城县,175808
清丰,143804
虞城县,175820
杞县,143778
孟州市,175673
上街区,175691
内黄,143773
潢川县,175772
上蔡,143799
新蔡,143801
尉氏,143776
息县,64165
祥符区,175778
吉利区,175658
延津,143792
台前县,175835
范县(濮阳市),175832
南乐,143805
马村区,175688
获嘉,143791
淮滨县,175775
通许,143775
商水县,143794
大伾山,21770
龙峪湾,19409
函谷关,25867
嵖岈山,16921
红旗渠,32205
河南老君山,26450
薄山湖,18985
始祖山,19414
康百万庄园,31559
神农山,27233
石龙区,175661
殷墟,10734
小浪底,18903
万仙山,21947
永泰寺,19937
呼伦贝尔,10774
阿尔山,10390
额济纳旗,10456
呼和浩特,11415
乌兰布统,17920
克什克腾旗,10478
赤峰,11573
满洲里,14939
锡林郭勒,10704
海拉尔,10414
鄂尔多斯,13190
阿拉善,11577
包头,11574
额尔古纳,10763
库布齐沙漠,10048
巴丹吉林,14392
乌兰察布,11572
锡林浩特,20235
通辽,12586
兴安盟,62069
多伦,10707
巴彦淖尔,11605
乌海,27792
根河,18001
乌拉盖,149470
二连浩特,18550
乌兰浩特,18445
室韦,17999
恩和,14475
达里诺尔湖,15957
阿拉善左旗,62962
太仆寺旗,10291
库伦旗,25608
扎兰屯,22975
库尔滨,22740
西乌珠穆沁旗,62842
达拉特旗,63316
牙克石,21669
正蓝旗,62834
翁牛特旗,10775
东乌珠穆沁旗,62838
陈巴尔虎旗,19855
乌梁素海,10223
霍林郭勒,62945
临江屯,22177
阿拉善右旗,62958
奈曼旗,16856
东胜区,63318
伊金霍洛旗,63313
察哈尔右翼中旗,66240
鄂伦春自治旗,62935
乌拉特前旗,63043
武川,39735
四子王旗,63333
新巴尔虎左旗,62844
察哈尔右翼后旗,144742
科尔沁右翼中旗,62946
东河,63326
兴和,63341
巴林右旗,62940
清水河,63346
苏尼特右旗,63391
扎鲁特旗,62944
达尔罕茂明安联合旗,66232
巴林左旗,62942
科尔沁左翼后旗,144739
新巴尔虎右旗,62843
乌审旗,63118
喀喇沁旗,62939
宁城,62941
凉城,66242
苏尼特左旗,63409
镶黄旗,62821
正镶白旗,62827
固阳,63324
阿鲁科尔沁旗,62943
阿荣旗,62937
丰镇,144744
阿巴嘎旗,62825
和林格尔,144160
土默特左旗,144161
突泉,62947
鄂温克族自治旗,62936
察哈尔右翼前旗,144743
准格尔旗,63320
敖汉旗,144738
科尔沁左翼中旗,144741
林西,44038
白云鄂博,30063
莫力达瓦达斡尔族自治旗,62938
乌拉特中旗,63002
鄂托克前旗,140552
鄂托克旗,144159
杭锦旗,63105
托克托,144162
化德,144745
科尔沁右翼前旗,144747
五原,174374
扎赉特旗,144165
卓资,63335
土默特右旗,144737
磴口,174365
乌拉特后旗,174362
杭锦后旗,174368
嘎拉德斯汰,17777
开鲁,144163
商都,144746
代钦塔拉,53658
腾格里沙漠,10286
浑善达克,10158
响沙湾,15956
莫尔道嘎,18000
乌珠穆沁,17305
格根塔拉,10776
岱海,18919
居延海,23122
呼伦湖,19545
灯笼河草原,20437
辉腾锡勒草原,15958
呼和诺尔,19523
希拉穆仁草原,11366
巴彦查干镇,144164
毛乌素沙漠,11811
美林谷,20470
多伦湖,18002
哈尔滨,10068
大连,10301
长白山,10072
雪乡,10127
沈阳,10075
漠河,10427
长春,11247
丹东,10584
吉林市,11779
雾凇岛,21910
本溪,11268
盘锦,10728
延吉,11508
牡丹江,13913
伊春,11473
葫芦岛,13055
大兴安岭,11526
锦州,10537
兴城,10290
亚布力,17997
抚顺,11905
鞍山,11553
齐齐哈尔,11709
五大连池,16910
营口,14907
延边,54510
东戴河,30205
大庆,11678
旅顺,16786
鲅鱼圈,17805
海林,64724
绥中,10287
黑河,22006
五常,31010
安图,64859
查干湖,22588
辽阳,23255
抚远,28807
佳木斯,13267
白山,15139
通化,13856
千山,17806
铁岭,14675
万达长白山滑雪度假区,205421
绥芬河,34380
图们,20908
宽甸,64713
阜新,20885
松花湖,32500
珲春,63884
止锚湾,14456
集安,33151
白城,22558
敦化,64734
鸡西,12400
长海,64706
抚松,64858
绥化,34385
朝阳,62068
凤城,64712
临江,13519
北大壶,202778
松原,62067
长白,64733
鹤岗,12369
尚志,66315
桓仁,60225
辽源,18382
四平,62066
瓦房店,63909
庄河,140740
金州,134707
蛟河,64731
同江,28976
海城,64760
本溪县,66314
盖州,16642
虎林,64727
北镇,140747
东港,64711
逊克,27077
双鸭山,62063
龙井,64861
辉南,24853
嘉荫,64723
新宾,64715
塔河,34260
密山,143816
乌苏里江,17594
大洼,64708
清原,64716
岫岩,64709
北安,143813
杜尔伯特,64719
大石桥,144158
梨树,176936
呼玛,64717
调兵山,144154
饶河,64728
梅河口,39075
七台河,62064
友谊,176918
普兰店,140751
和龙,64860
宁安,64725
铁力,64720
富裕,176744
东宁,143821
前郭尔罗斯县,66316
汤旺河,176825
灯塔,64710
宾县,140549
开原,176684
义县,144148
木兰,143810
萝北,64726
法库,144149
依兰,38279
方正,143809
嫩江,143814
康平,144150
乾安,18991
凌源,144143
林甸,64721
盘山（辽宁）,64707
公主岭,176939
辽中,144151
德惠,143885
榆树,143886
磐石,143887
桦甸,140599
富锦,143817
林口,143822
靖宇,64732
巴彦,143808
彰武,144144
肇东,143839
通河,64722
新民,176624
黑山（辽宁）,144147
凌海,140750
南岔,20511
讷河,143830
北票,144140
建昌,144146
农安,64730
西丰,144156
双辽,140600
红星,176822
克山,143827
弓长岭,176669
永吉,143888
喀左,144142
汪清,64863
舒兰,176996
延寿,143811
克东,143826
建平,144141
大安,176924
通榆,64729
洮南,143883
台安,143289
肇州,143807
九台,143884
泰来,143828
扶余,176933
昌图,144152
富拉尔基,64718
汤原,143818
安达（黑龙江）,176765
鸡东,143815
桦南,143820
双阳,176966
勃利,143824
绥滨,143812
望奎,143838
绥棱,143837
龙江（齐齐哈尔）,176720
碾子山,176723
海伦,144525
明水,143834
兰西,143833
镇赉,143882
宝清,143831
集贤,143832
孙吴,140550
肇源,143806
乌伊岭,176828
柳河,176978
抚顺县,176708
五营,176819
庆安,143836
通化县,176975
清河（铁岭）,176690
辽阳县,176654
阜新县,176582
金山屯,176831
朝阳县,176543
西林（伊春）,143563
新青区,176834
上甘岭,176813
杨木沟,22405
清河门,176585
穆棱,143823
东丰,143889
长岭,176927
依安,143829
梨树（鸡西）,176894
拜泉,143825
宝山（双鸭山）,176915
伊通县,176948
青冈,143835
桦川,143819
东辽,143890
带岭区,176807
笔架山,17807
西中岛,19608
大长山岛,21061
麻山,176888
防川,18587
扎龙,10782
连环湖,18703
关门山,35026
净月潭,16019
海洋岛,30044
菊花岛,19459
塞里岛,39453
花脖山,18166
拉法山,20556
雪谷,23051
紫烟薰衣草庄园,19706
波罗湖,18309
镜泊湖,20955
伏尔加庄园,17996
甘南（齐齐哈尔）,176726
哈仙岛,16306
瓜皮岛,33436
天桥沟,35073
珍宝岛,15169
乌马河,176804
浑河源,20469
